Datetime,Close,High,Low,Open,Volume
2025-12-01 14:30:00+00:00,6806.52978515625,6816.669921875,6799.93994140625,6812.2998046875,87669447
2025-12-01 14:45:00+00:00,6828.18994140625,6832.06982421875,6805.41015625,6806.4599609375,112018173
2025-12-01 15:00:00+00:00,6821.81005859375,6831.33984375,6820.7900390625,6828.89013671875,99849089
2025-12-01 15:15:00+00:00,6812.3701171875,6824.72998046875,6810.7001953125,6821.81005859375,83777021
2025-12-01 15:30:00+00:00,6815.35009765625,6817.8701171875,6802.22021484375,6812.4599609375,92647185
2025-12-01 15:45:00+00:00,6830.43017578125,6832.2099609375,6812.7998046875,6815.2998046875,77926366
2025-12-01 16:00:00+00:00,6820.0498046875,6831.39013671875,6817.830078125,6830.330078125,69387269
2025-12-01 16:15:00+00:00,6824.77978515625,6826.68994140625,6815.3701171875,6820.02978515625,61079537
2025-12-01 16:30:00+00:00,6834.91015625,6837.0400390625,6824.66015625,6824.66015625,63873617
2025-12-01 16:45:00+00:00,6833.0,6837.93994140625,6831.33984375,6834.81982421875,58775936
2025-12-01 17:00:00+00:00,6832.39990234375,6838.3701171875,6832.31982421875,6833.009765625,57169824
2025-12-01 17:15:00+00:00,6833.81005859375,6835.35009765625,6827.009765625,6832.509765625,54162037
2025-12-01 17:30:00+00:00,6838.97998046875,6839.0400390625,6831.68994140625,6833.89013671875,52343000
2025-12-01 17:45:00+00:00,6833.97998046875,6841.77978515625,6832.91015625,6839.10009765625,56136000
2025-12-01 18:00:00+00:00,6839.5498046875,6840.7998046875,6833.759765625,6833.990234375,52183000
2025-12-01 18:15:00+00:00,6838.16015625,6841.02978515625,6836.9501953125,6839.52001953125,53018000
2025-12-01 18:30:00+00:00,6841.4501953125,6842.2001953125,6838.2099609375,6838.2099609375,53685000
2025-12-01 18:45:00+00:00,6842.509765625,6843.64990234375,6840.56982421875,6841.43994140625,48904000
2025-12-01 19:00:00+00:00,6833.47021484375,6842.52978515625,6829.740234375,6842.52978515625,58340000
2025-12-01 19:15:00+00:00,6819.4501953125,6833.5,6818.759765625,6833.5,58976000
2025-12-01 19:30:00+00:00,6816.490234375,6824.330078125,6812.31982421875,6819.5498046875,63552000
2025-12-01 19:45:00+00:00,6815.41015625,6819.43994140625,6814.43994140625,6816.56005859375,54495000
2025-12-01 20:00:00+00:00,6822.72998046875,6823.39990234375,6814.06005859375,6815.41015625,66540000
2025-12-01 20:15:00+00:00,6820.8798828125,6823.22021484375,6816.97021484375,6822.68017578125,72492000
2025-12-01 20:30:00+00:00,6823.509765625,6823.77001953125,6816.6201171875,6820.93017578125,103520000
2025-12-01 20:45:00+00:00,6814.64990234375,6823.93994140625,6807.02001953125,6823.39013671875,342590000
2025-12-02 14:30:00+00:00,6836.9501953125,6843.759765625,6830.72021484375,6830.9599609375,91024789
2025-12-02 14:45:00+00:00,6837.89990234375,6839.8798828125,6829.5,6837.5498046875,108305205
2025-12-02 15:00:00+00:00,6843.60986328125,6846.72998046875,6836.7001953125,6837.580078125,117313108
2025-12-02 15:15:00+00:00,6829.64013671875,6846.39990234375,6828.740234375,6843.7998046875,99966616
2025-12-02 15:30:00+00:00,6841.25,6841.990234375,6822.85986328125,6829.52001953125,100457546
2025-12-02 15:45:00+00:00,6848.60009765625,6850.56982421875,6839.75,6841.2099609375,89722754
2025-12-02 16:00:00+00:00,6829.43994140625,6851.5498046875,6825.9599609375,6848.4599609375,104161109
2025-12-02 16:15:00+00:00,6813.580078125,6831.64013671875,6810.85009765625,6828.81005859375,92002515
2025-12-02 16:30:00+00:00,6819.14013671875,6825.8701171875,6806.7099609375,6813.5400390625,81901962
2025-12-02 16:45:00+00:00,6819.39013671875,6826.0,6815.7099609375,6818.72021484375,64956000
2025-12-02 17:00:00+00:00,6826.14013671875,6827.5498046875,6818.740234375,6819.259765625,66026000
2025-12-02 17:15:00+00:00,6838.259765625,6839.75,6825.93994140625,6826.18994140625,59923000
2025-12-02 17:30:00+00:00,6836.25,6841.75,6833.35009765625,6838.1298828125,57556000
2025-12-02 17:45:00+00:00,6815.35009765625,6837.72021484375,6815.35009765625,6836.35009765625,51288000
2025-12-02 18:00:00+00:00,6821.259765625,6828.5,6813.5400390625,6815.2001953125,60198000
2025-12-02 18:15:00+00:00,6824.27001953125,6829.2998046875,6819.43994140625,6821.2900390625,58864000
2025-12-02 18:30:00+00:00,6821.2099609375,6826.8701171875,6816.2001953125,6824.22021484375,56200000
2025-12-02 18:45:00+00:00,6824.7900390625,6826.5498046875,6818.31982421875,6820.97998046875,62228000
2025-12-02 19:00:00+00:00,6830.47021484375,6832.64013671875,6823.52978515625,6824.7998046875,60862000
2025-12-02 19:15:00+00:00,6827.43017578125,6831.89013671875,6821.35009765625,6830.419921875,63941000
2025-12-02 19:30:00+00:00,6828.6201171875,6832.35986328125,6826.89990234375,6827.41015625,58772000
2025-12-02 19:45:00+00:00,6837.3701171875,6839.22021484375,6827.9501953125,6828.6201171875,67144000
2025-12-02 20:00:00+00:00,6837.64990234375,6840.02001953125,6833.81005859375,6837.3701171875,69976000
2025-12-02 20:15:00+00:00,6838.4501953125,6840.43017578125,6837.169921875,6837.85986328125,77806000
2025-12-02 20:30:00+00:00,6838.56005859375,6841.97021484375,6836.27001953125,6838.39990234375,104735000
2025-12-02 20:45:00+00:00,6827.830078125,6841.2998046875,6827.830078125,6838.56005859375,300735000
2025-12-03 14:30:00+00:00,6822.35009765625,6828.759765625,6811.080078125,6815.2900390625,101228614
2025-12-03 14:45:00+00:00,6822.5,6825.14013671875,6810.43017578125,6822.35009765625,108128462
2025-12-03 15:00:00+00:00,6825.43017578125,6836.77001953125,6822.0,6823.18994140625,114558945
2025-12-03 15:15:00+00:00,6830.47021484375,6834.52978515625,6824.14990234375,6825.39013671875,95983722
2025-12-03 15:30:00+00:00,6840.4599609375,6842.9501953125,6826.8701171875,6830.33984375,108607799
2025-12-03 15:45:00+00:00,6836.7998046875,6842.33984375,6834.2998046875,6840.06982421875,85612090
2025-12-03 16:00:00+00:00,6833.830078125,6843.39990234375,6829.8798828125,6836.93994140625,80387362
2025-12-03 16:15:00+00:00,6837.3798828125,6841.1298828125,6832.5400390625,6833.7099609375,79217545
2025-12-03 16:30:00+00:00,6845.2099609375,6848.47998046875,6836.43994140625,6837.4501953125,69135412
2025-12-03 16:45:00+00:00,6835.5400390625,6846.22998046875,6830.009765625,6845.240234375,66675924
2025-12-03 17:00:00+00:00,6842.990234375,6843.41015625,6834.3798828125,6835.509765625,63902000
2025-12-03 17:15:00+00:00,6848.9501953125,6850.18017578125,6841.75,6842.93017578125,55584000
2025-12-03 17:30:00+00:00,6849.64013671875,6850.27001953125,6846.25,6848.91015625,57507000
2025-12-03 17:45:00+00:00,6852.18994140625,6853.919921875,6847.83984375,6849.64990234375,58393000
2025-12-03 18:00:00+00:00,6853.419921875,6854.919921875,6850.33984375,6852.14013671875,61399000
2025-12-03 18:15:00+00:00,6852.16015625,6853.91015625,6848.27978515625,6853.41015625,52891000
2025-12-03 18:30:00+00:00,6857.7998046875,6858.02978515625,6852.22998046875,6852.22998046875,57589000
2025-12-03 18:45:00+00:00,6852.580078125,6858.02001953125,6851.39013671875,6857.77978515625,57716000
2025-12-03 19:00:00+00:00,6857.3701171875,6857.64990234375,6851.8798828125,6852.47998046875,63453000
2025-12-03 19:15:00+00:00,6856.2001953125,6857.72998046875,6854.4599609375,6857.35986328125,58159000
2025-12-03 19:30:00+00:00,6859.02978515625,6859.22021484375,6855.02978515625,6856.27978515625,61599000
2025-12-03 19:45:00+00:00,6859.81982421875,6860.8798828125,6857.6298828125,6859.009765625,64209000
2025-12-03 20:00:00+00:00,6860.5498046875,6862.419921875,6858.0,6859.830078125,82257000
2025-12-03 20:15:00+00:00,6858.72021484375,6861.7900390625,6855.6201171875,6860.4599609375,88293000
2025-12-03 20:30:00+00:00,6858.240234375,6859.1201171875,6855.2900390625,6858.68994140625,112054000
2025-12-03 20:45:00+00:00,6850.509765625,6859.39013671875,6848.85009765625,6858.22998046875,348764000
2025-12-04 14:30:00+00:00,6852.41015625,6866.47021484375,6848.93994140625,6866.47021484375,103310202
2025-12-04 14:45:00+00:00,6843.27978515625,6854.31005859375,6840.27001953125,6851.9501953125,128595294
2025-12-04 15:00:00+00:00,6844.7001953125,6848.27001953125,6840.2099609375,6842.919921875,112613573
2025-12-04 15:15:00+00:00,6849.39990234375,6851.1201171875,6835.169921875,6844.66015625,104248318
2025-12-04 15:30:00+00:00,6855.18994140625,6858.5498046875,6847.27001953125,6849.2001953125,97129584
2025-12-04 15:45:00+00:00,6846.52978515625,6856.080078125,6844.81982421875,6855.2001953125,93857978
2025-12-04 16:00:00+00:00,6843.81982421875,6848.27978515625,6835.33984375,6846.259765625,88843705
2025-12-04 16:15:00+00:00,6846.60009765625,6850.60009765625,6841.75,6843.72021484375,85011725
2025-12-04 16:30:00+00:00,6842.990234375,6849.240234375,6842.25,6846.56982421875,76342641
2025-12-04 16:45:00+00:00,6857.240234375,6858.68017578125,6842.990234375,6842.990234375,69344000
2025-12-04 17:00:00+00:00,6853.990234375,6858.85009765625,6847.08984375,6856.81982421875,70884000
2025-12-04 17:15:00+00:00,6852.81005859375,6855.52978515625,6851.5498046875,6853.9501953125,63231000
2025-12-04 17:30:00+00:00,6855.02978515625,6856.25,6849.06982421875,6852.77001953125,63155000
2025-12-04 17:45:00+00:00,6855.8701171875,6857.64990234375,6853.419921875,6855.08984375,54606000
2025-12-04 18:00:00+00:00,6853.169921875,6856.64990234375,6848.08984375,6855.8701171875,58512000
2025-12-04 18:15:00+00:00,6859.8798828125,6860.2900390625,6852.6201171875,6853.10009765625,56785000
2025-12-04 18:30:00+00:00,6853.759765625,6860.39013671875,6852.2998046875,6859.7900390625,55806000
2025-12-04 18:45:00+00:00,6854.009765625,6856.2099609375,6853.2099609375,6853.740234375,53693000
2025-12-04 19:00:00+00:00,6848.93994140625,6854.93017578125,6847.43017578125,6853.9501953125,63051000
2025-12-04 19:15:00+00:00,6834.740234375,6848.9599609375,6827.1201171875,6848.9599609375,79732000
2025-12-04 19:30:00+00:00,6847.43017578125,6851.9501953125,6833.10009765625,6834.64990234375,68651000
2025-12-04 19:45:00+00:00,6845.35009765625,6850.60009765625,6843.669921875,6847.419921875,66810000
2025-12-04 20:00:00+00:00,6845.97998046875,6847.06005859375,6836.43994140625,6845.330078125,69078000
2025-12-04 20:15:00+00:00,6840.75,6846.0400390625,6840.5400390625,6845.990234375,83286000
2025-12-04 20:30:00+00:00,6842.669921875,6845.66015625,6840.2099609375,6840.68994140625,103865000
2025-12-04 20:45:00+00:00,6857.9599609375,6857.9599609375,6840.81982421875,6842.669921875,316583000
2025-12-05 14:30:00+00:00,6870.68017578125,6878.68994140625,6866.31982421875,6866.31982421875,110554334
2025-12-05 14:45:00+00:00,6881.419921875,6883.31005859375,6870.830078125,6870.830078125,127557656
2025-12-05 15:00:00+00:00,6894.330078125,6894.830078125,6879.5400390625,6882.60986328125,127109158
2025-12-05 15:15:00+00:00,6890.91015625,6895.5,6888.33984375,6894.240234375,101675589
2025-12-05 15:30:00+00:00,6888.93017578125,6895.77978515625,6887.669921875,6890.919921875,99090317
2025-12-05 15:45:00+00:00,6878.9599609375,6893.31982421875,6875.02978515625,6889.10986328125,94896322
2025-12-05 16:00:00+00:00,6873.47998046875,6882.85009765625,6873.1298828125,6878.77978515625,87737113
2025-12-05 16:15:00+00:00,6871.419921875,6879.25,6869.419921875,6873.14990234375,101387890
2025-12-05 16:30:00+00:00,6866.080078125,6871.2099609375,6862.89013671875,6871.2099609375,90468000
2025-12-05 16:45:00+00:00,6872.419921875,6877.990234375,6865.509765625,6865.97998046875,86780000
2025-12-05 17:00:00+00:00,6865.25,6874.43994140625,6864.919921875,6872.41015625,81826000
2025-12-05 17:15:00+00:00,6865.7998046875,6868.419921875,6864.89990234375,6865.330078125,70144000
2025-12-05 17:30:00+00:00,6864.27001953125,6866.7900390625,6858.31005859375,6865.81982421875,67159000
2025-12-05 17:45:00+00:00,6874.5400390625,6875.9501953125,6863.0498046875,6864.31982421875,65770000
2025-12-05 18:00:00+00:00,6874.490234375,6878.72998046875,6874.02978515625,6874.47998046875,71293000
2025-12-05 18:15:00+00:00,6877.58984375,6877.97998046875,6867.5,6874.5,65059000
2025-12-05 18:30:00+00:00,6875.72021484375,6881.2900390625,6873.10986328125,6877.5498046875,65081000
2025-12-05 18:45:00+00:00,6873.60986328125,6877.22998046875,6872.97998046875,6875.83984375,59995000
2025-12-05 19:00:00+00:00,6875.490234375,6875.7900390625,6870.7001953125,6873.72021484375,64149000
2025-12-05 19:15:00+00:00,6871.3798828125,6875.83984375,6868.740234375,6875.52978515625,70336000
2025-12-05 19:30:00+00:00,6869.83984375,6873.080078125,6868.1201171875,6871.27001953125,60363000
2025-12-05 19:45:00+00:00,6874.25,6875.41015625,6867.83984375,6869.7099609375,63667000
2025-12-05 20:00:00+00:00,6871.9599609375,6874.5498046875,6868.06005859375,6874.240234375,72211000
2025-12-05 20:15:00+00:00,6871.89990234375,6874.9501953125,6869.5400390625,6871.93017578125,85189000
2025-12-05 20:30:00+00:00,6870.72021484375,6871.85986328125,6867.43017578125,6871.85986328125,111119000
2025-12-05 20:45:00+00:00,6869.06982421875,6872.2099609375,6858.2900390625,6870.66015625,339686000
2025-12-08 14:30:00+00:00,6871.06005859375,6878.27001953125,6863.97998046875,6875.2001953125,104696692
2025-12-08 14:45:00+00:00,6866.759765625,6872.2099609375,6861.2099609375,6871.1298828125,128493022
2025-12-08 15:00:00+00:00,6860.77978515625,6870.0498046875,6859.89013671875,6866.68994140625,119990074
2025-12-08 15:15:00+00:00,6856.64013671875,6863.58984375,6850.27978515625,6860.8701171875,107954506
2025-12-08 15:30:00+00:00,6852.02001953125,6861.27978515625,6852.02001953125,6856.60009765625,99293406
2025-12-08 15:45:00+00:00,6847.93994140625,6856.2998046875,6846.85009765625,6852.10009765625,101068359
2025-12-08 16:00:00+00:00,6844.89990234375,6850.52978515625,6841.14013671875,6847.990234375,90082995
2025-12-08 16:15:00+00:00,6852.25,6852.72998046875,6844.14990234375,6845.080078125,87394041
2025-12-08 16:30:00+00:00,6849.52001953125,6852.52978515625,6846.27001953125,6852.259765625,73984411
2025-12-08 16:45:00+00:00,6845.419921875,6849.89990234375,6841.64990234375,6849.5498046875,72583000
2025-12-08 17:00:00+00:00,6840.080078125,6845.4501953125,6836.9501953125,6845.4501953125,78000000
2025-12-08 17:15:00+00:00,6837.8701171875,6842.2900390625,6833.8701171875,6840.08984375,70589000
2025-12-08 17:30:00+00:00,6839.81005859375,6842.2001953125,6837.2001953125,6837.93994140625,65611000
2025-12-08 17:45:00+00:00,6852.83984375,6854.7001953125,6837.72998046875,6839.77001953125,75893000
2025-12-08 18:00:00+00:00,6849.68994140625,6856.0400390625,6847.580078125,6852.7900390625,85142000
2025-12-08 18:15:00+00:00,6839.89990234375,6852.22998046875,6839.7900390625,6849.669921875,68878000
2025-12-08 18:30:00+00:00,6840.83984375,6842.39013671875,6834.56982421875,6839.81982421875,71780000
2025-12-08 18:45:00+00:00,6832.2998046875,6842.02978515625,6827.18994140625,6840.97998046875,66762000
2025-12-08 19:00:00+00:00,6830.4599609375,6834.2900390625,6827.60009765625,6832.27978515625,69533000
2025-12-08 19:15:00+00:00,6834.06005859375,6837.1201171875,6830.47021484375,6830.47021484375,66634000
2025-12-08 19:30:00+00:00,6837.490234375,6838.830078125,6833.39990234375,6834.02001953125,67789000
2025-12-08 19:45:00+00:00,6834.27001953125,6839.56005859375,6832.7900390625,6837.509765625,67484000
2025-12-08 20:00:00+00:00,6837.47998046875,6837.5,6833.509765625,6834.33984375,78146000
2025-12-08 20:15:00+00:00,6837.4599609375,6839.27001953125,6835.7001953125,6837.43017578125,92162000
2025-12-08 20:30:00+00:00,6837.919921875,6838.16015625,6831.85009765625,6837.5,113816000
2025-12-08 20:45:00+00:00,6847.83984375,6847.9599609375,6834.52978515625,6837.91015625,345150000
2025-12-09 14:30:00+00:00,6848.97021484375,6853.31982421875,6840.169921875,6840.60986328125,85137745
2025-12-09 14:45:00+00:00,6856.47998046875,6856.919921875,6846.5400390625,6848.89990234375,109941597
2025-12-09 15:00:00+00:00,6853.740234375,6861.16015625,6851.35986328125,6856.419921875,92439952
2025-12-09 15:15:00+00:00,6854.080078125,6856.06005859375,6849.240234375,6853.6201171875,85160886
2025-12-09 15:30:00+00:00,6855.669921875,6856.27001953125,6850.1298828125,6853.60986328125,84353021
2025-12-09 15:45:00+00:00,6856.47021484375,6856.77001953125,6847.5,6855.5498046875,71723930
2025-12-09 16:00:00+00:00,6859.9501953125,6860.259765625,6856.169921875,6856.47021484375,83239701
2025-12-09 16:15:00+00:00,6859.39990234375,6864.47021484375,6859.39990234375,6859.81982421875,71600301
2025-12-09 16:30:00+00:00,6857.39990234375,6864.919921875,6856.52978515625,6859.5498046875,70675866
2025-12-09 16:45:00+00:00,6861.4501953125,6864.419921875,6857.33984375,6857.33984375,63303495
2025-12-09 17:00:00+00:00,6860.77978515625,6864.6298828125,6859.35986328125,6861.10986328125,56391681
2025-12-09 17:15:00+00:00,6857.93994140625,6861.06005859375,6854.1298828125,6860.81982421875,59073000
2025-12-09 17:30:00+00:00,6852.35009765625,6860.10009765625,6850.68994140625,6857.8798828125,68370000
2025-12-09 17:45:00+00:00,6854.18017578125,6854.27001953125,6848.10986328125,6852.2900390625,61733000
2025-12-09 18:00:00+00:00,6853.2998046875,6855.85986328125,6850.009765625,6854.14013671875,54951000
2025-12-09 18:15:00+00:00,6853.22998046875,6855.7900390625,6852.5,6853.39990234375,54912000
2025-12-09 18:30:00+00:00,6847.8798828125,6854.52001953125,6847.85986328125,6853.33984375,60850000
2025-12-09 18:45:00+00:00,6851.9599609375,6854.4599609375,6845.27978515625,6847.8798828125,56800000
2025-12-09 19:00:00+00:00,6849.43017578125,6852.5,6847.85009765625,6851.91015625,71825000
2025-12-09 19:15:00+00:00,6848.5498046875,6851.27978515625,6848.43017578125,6849.490234375,59358000
2025-12-09 19:30:00+00:00,6844.93017578125,6849.33984375,6843.89013671875,6848.64013671875,59858000
2025-12-09 19:45:00+00:00,6847.740234375,6849.43017578125,6844.72021484375,6844.919921875,56581000
2025-12-09 20:00:00+00:00,6846.5400390625,6849.7099609375,6846.419921875,6847.75,71503000
2025-12-09 20:15:00+00:00,6844.72021484375,6847.81982421875,6844.27001953125,6846.47998046875,79345000
2025-12-09 20:30:00+00:00,6844.91015625,6845.9501953125,6841.93017578125,6844.6201171875,100916000
2025-12-09 20:45:00+00:00,6840.31982421875,6847.009765625,6837.43017578125,6844.8798828125,326704000
2025-12-10 14:30:00+00:00,6838.64990234375,6842.66015625,6824.68994140625,6833.490234375,87771472
2025-12-10 14:45:00+00:00,6842.7099609375,6844.2001953125,6834.3701171875,6838.60986328125,114166518
2025-12-10 15:00:00+00:00,6841.7998046875,6844.8701171875,6838.1201171875,6841.93994140625,104072133
2025-12-10 15:15:00+00:00,6841.39990234375,6845.52978515625,6839.0400390625,6841.60986328125,83015765
2025-12-10 15:30:00+00:00,6834.509765625,6841.56982421875,6827.77978515625,6841.31982421875,95280271
2025-12-10 15:45:00+00:00,6833.18994140625,6843.0,6831.330078125,6834.509765625,82231338
2025-12-10 16:00:00+00:00,6841.77978515625,6841.77978515625,6825.830078125,6833.31005859375,77460764
2025-12-10 16:15:00+00:00,6848.89013671875,6849.58984375,6841.35009765625,6841.81982421875,73120913
2025-12-10 16:30:00+00:00,6843.75,6849.16015625,6843.06982421875,6848.66015625,60196813
2025-12-10 16:45:00+00:00,6847.06982421875,6848.10009765625,6841.31005859375,6843.740234375,60695682
2025-12-10 17:00:00+00:00,6843.72021484375,6847.580078125,6841.7001953125,6847.16015625,60644522
2025-12-10 17:15:00+00:00,6842.52978515625,6845.0,6840.4501953125,6843.759765625,55652000
2025-12-10 17:30:00+00:00,6841.77978515625,6846.27001953125,6840.47998046875,6842.56005859375,50141000
2025-12-10 17:45:00+00:00,6849.77978515625,6852.3798828125,6841.52978515625,6841.7998046875,57555000
2025-12-10 18:00:00+00:00,6849.39990234375,6851.35009765625,6847.31005859375,6849.669921875,57580000
2025-12-10 18:15:00+00:00,6839.7998046875,6849.89990234375,6838.259765625,6849.2998046875,58711000
2025-12-10 18:30:00+00:00,6838.1201171875,6844.5498046875,6838.1201171875,6839.7900390625,61265000
2025-12-10 18:45:00+00:00,6839.72998046875,6841.68017578125,6835.93994140625,6838.14990234375,68710000
2025-12-10 19:00:00+00:00,6858.10986328125,6867.72021484375,6838.9501953125,6839.75,104976000
2025-12-10 19:15:00+00:00,6852.3798828125,6866.56982421875,6843.77001953125,6858.33984375,85687000
2025-12-10 19:30:00+00:00,6854.93017578125,6878.75,6845.35009765625,6852.52978515625,137665000
2025-12-10 19:45:00+00:00,6890.18017578125,6891.580078125,6853.97998046875,6854.75,109959000
2025-12-10 20:00:00+00:00,6896.33984375,6897.52001953125,6882.7900390625,6890.2900390625,114764000
2025-12-10 20:15:00+00:00,6892.1298828125,6898.8798828125,6889.509765625,6896.31005859375,128878000
2025-12-10 20:30:00+00:00,6894.60986328125,6900.669921875,6891.02978515625,6892.33984375,140289000
2025-12-10 20:45:00+00:00,6886.9501953125,6897.919921875,6884.27001953125,6894.7001953125,386024000
2025-12-11 14:30:00+00:00,6867.06982421875,6869.330078125,6855.259765625,6861.2998046875,100245955
2025-12-11 14:45:00+00:00,6837.259765625,6867.93994140625,6834.490234375,6867.08984375,140671202
2025-12-11 15:00:00+00:00,6861.93994140625,6865.06982421875,6833.4501953125,6837.18994140625,131196310
2025-12-11 15:15:00+00:00,6874.0400390625,6879.080078125,6857.580078125,6861.7998046875,106164776
2025-12-11 15:30:00+00:00,6868.7900390625,6875.919921875,6865.3701171875,6874.08984375,97206220
2025-12-11 15:45:00+00:00,6868.39013671875,6872.7900390625,6851.9599609375,6868.740234375,98554553
2025-12-11 16:00:00+00:00,6865.72021484375,6871.81982421875,6860.43994140625,6868.43017578125,91757456
2025-12-11 16:15:00+00:00,6857.02001953125,6868.58984375,6855.259765625,6865.25,80415454
2025-12-11 16:30:00+00:00,6875.47021484375,6878.08984375,6856.75,6856.919921875,83309860
2025-12-11 16:45:00+00:00,6865.9501953125,6880.77001953125,6859.68017578125,6875.5498046875,74208000
2025-12-11 17:00:00+00:00,6879.0498046875,6881.22021484375,6865.43017578125,6865.97998046875,68569000
2025-12-11 17:15:00+00:00,6884.52001953125,6890.0400390625,6877.740234375,6879.06982421875,68763000
2025-12-11 17:30:00+00:00,6889.14013671875,6891.39013671875,6884.5400390625,6884.5400390625,65229000
2025-12-11 17:45:00+00:00,6883.91015625,6890.43994140625,6881.14013671875,6889.2001953125,63363000
2025-12-11 18:00:00+00:00,6891.169921875,6893.02978515625,6882.6201171875,6883.8798828125,62582000
2025-12-11 18:15:00+00:00,6887.60986328125,6892.5,6885.35986328125,6891.2900390625,67837000
2025-12-11 18:30:00+00:00,6896.4501953125,6897.3701171875,6884.7900390625,6887.6201171875,66530000
2025-12-11 18:45:00+00:00,6890.93017578125,6897.60009765625,6889.33984375,6896.41015625,72346000
2025-12-11 19:00:00+00:00,6894.02001953125,6895.6201171875,6890.33984375,6890.919921875,68982000
2025-12-11 19:15:00+00:00,6898.4501953125,6899.39013671875,6894.0,6894.08984375,66982000
2025-12-11 19:30:00+00:00,6901.669921875,6902.0400390625,6897.5498046875,6898.490234375,73887000
2025-12-11 19:45:00+00:00,6899.8701171875,6903.4599609375,6899.27978515625,6901.6298828125,74091000
2025-12-11 20:00:00+00:00,6898.22998046875,6902.85009765625,6897.7998046875,6899.56982421875,78089000
2025-12-11 20:15:00+00:00,6894.919921875,6900.60986328125,6894.919921875,6898.18994140625,92395000
2025-12-11 20:30:00+00:00,6894.89990234375,6896.35009765625,6891.419921875,6895.1298828125,111895000
2025-12-11 20:45:00+00:00,6902.10009765625,6902.47021484375,6891.93017578125,6894.9501953125,331596000
2025-12-12 14:30:00+00:00,6889.7001953125,6899.85009765625,6886.85009765625,6886.85009765625,94928171
2025-12-12 14:45:00+00:00,6886.58984375,6891.33984375,6882.06982421875,6889.6201171875,121296180
2025-12-12 15:00:00+00:00,6869.7001953125,6886.1298828125,6866.33984375,6886.1298828125,123942193
2025-12-12 15:15:00+00:00,6847.60986328125,6871.58984375,6847.10009765625,6869.5400390625,104038615
2025-12-12 15:30:00+00:00,6862.669921875,6862.669921875,6843.68017578125,6847.66015625,104168854
2025-12-12 15:45:00+00:00,6828.169921875,6866.1298828125,6824.10986328125,6862.580078125,107946044
2025-12-12 16:00:00+00:00,6820.6298828125,6834.68994140625,6811.97998046875,6827.740234375,126359545
2025-12-12 16:15:00+00:00,6823.2099609375,6826.740234375,6807.06982421875,6820.490234375,106351297
2025-12-12 16:30:00+00:00,6816.72998046875,6823.22998046875,6801.7900390625,6823.22998046875,93941000
2025-12-12 16:45:00+00:00,6815.27001953125,6817.080078125,6806.81982421875,6817.009765625,78359000
2025-12-12 17:00:00+00:00,6829.89013671875,6831.43994140625,6814.2099609375,6815.97998046875,76429000
2025-12-12 17:15:00+00:00,6824.669921875,6839.8701171875,6824.2099609375,6829.58984375,73335000
2025-12-12 17:30:00+00:00,6836.14990234375,6838.93994140625,6820.47021484375,6824.85009765625,62557000
2025-12-12 17:45:00+00:00,6837.0,6842.919921875,6834.39990234375,6835.830078125,56439000
2025-12-12 18:00:00+00:00,6846.41015625,6851.81982421875,6834.2900390625,6837.0400390625,74897000
2025-12-12 18:15:00+00:00,6848.259765625,6853.89013671875,6842.02978515625,6846.9599609375,62709000
2025-12-12 18:30:00+00:00,6840.2099609375,6849.10009765625,6839.16015625,6848.8798828125,58243000
2025-12-12 18:45:00+00:00,6835.89013671875,6845.56982421875,6835.240234375,6840.1201171875,55291000
2025-12-12 19:00:00+00:00,6828.10986328125,6836.77001953125,6826.490234375,6835.8798828125,66740000
2025-12-12 19:15:00+00:00,6825.02978515625,6830.52978515625,6822.7900390625,6827.990234375,62558000
2025-12-12 19:30:00+00:00,6828.240234375,6832.919921875,6824.85009765625,6824.85009765625,62156000
2025-12-12 19:45:00+00:00,6830.02001953125,6832.0400390625,6826.39013671875,6828.35009765625,56994000
2025-12-12 20:00:00+00:00,6828.58984375,6832.580078125,6825.81005859375,6829.9501953125,74015000
2025-12-12 20:15:00+00:00,6823.759765625,6830.669921875,6821.6298828125,6828.31982421875,91042000
2025-12-12 20:30:00+00:00,6818.75,6824.85009765625,6811.2998046875,6823.7900390625,120391000
2025-12-12 20:45:00+00:00,6827.89013671875,6828.5400390625,6817.85009765625,6818.68017578125,344917000
2025-12-15 14:30:00+00:00,6844.18994140625,6861.58984375,6843.830078125,6860.18994140625,105599224
2025-12-15 14:45:00+00:00,6832.35986328125,6846.56005859375,6831.39990234375,6844.16015625,145197282
2025-12-15 15:00:00+00:00,6822.830078125,6834.259765625,6820.259765625,6833.16015625,127253822
2025-12-15 15:15:00+00:00,6806.81005859375,6823.0498046875,6801.490234375,6822.77978515625,105059594
2025-12-15 15:30:00+00:00,6827.2900390625,6827.2900390625,6804.93994140625,6806.759765625,97988695
2025-12-15 15:45:00+00:00,6820.68017578125,6830.22021484375,6816.7001953125,6827.22021484375,82167558
2025-12-15 16:00:00+00:00,6820.2099609375,6827.43994140625,6816.14013671875,6820.6298828125,81679491
2025-12-15 16:15:00+00:00,6837.2998046875,6839.85986328125,6819.43994140625,6819.7900390625,77495393
2025-12-15 16:30:00+00:00,6814.580078125,6838.18017578125,6813.990234375,6837.33984375,73188729
2025-12-15 16:45:00+00:00,6818.0,6826.2998046875,6810.97998046875,6814.56982421875,65182000
2025-12-15 17:00:00+00:00,6817.6298828125,6822.06005859375,6815.22998046875,6818.10009765625,66817000
2025-12-15 17:15:00+00:00,6815.2099609375,6819.740234375,6811.52978515625,6817.60009765625,61724000
2025-12-15 17:30:00+00:00,6820.97021484375,6823.27001953125,6810.330078125,6815.35986328125,61963000
2025-12-15 17:45:00+00:00,6814.43017578125,6822.93017578125,6803.52978515625,6821.009765625,66062000
2025-12-15 18:00:00+00:00,6819.1201171875,6819.77001953125,6809.39990234375,6814.25,55444000
2025-12-15 18:15:00+00:00,6809.0498046875,6820.85986328125,6804.3798828125,6819.10009765625,58324000
2025-12-15 18:30:00+00:00,6811.83984375,6812.85986328125,6805.85009765625,6809.0498046875,57182000
2025-12-15 18:45:00+00:00,6819.9599609375,6823.169921875,6811.43994140625,6811.7900390625,57021000
2025-12-15 19:00:00+00:00,6817.31005859375,6824.2900390625,6817.2998046875,6819.77001953125,69825000
2025-12-15 19:15:00+00:00,6817.419921875,6820.6298828125,6814.2099609375,6817.14990234375,59618000
2025-12-15 19:30:00+00:00,6814.77978515625,6819.85009765625,6814.43994140625,6817.47998046875,61519000
2025-12-15 19:45:00+00:00,6825.97998046875,6826.60986328125,6813.64990234375,6815.1201171875,75035000
2025-12-15 20:00:00+00:00,6822.27001953125,6826.4599609375,6819.60009765625,6826.02001953125,79054000
2025-12-15 20:15:00+00:00,6819.830078125,6824.9501953125,6816.35009765625,6822.10009765625,96589000
2025-12-15 20:30:00+00:00,6815.77978515625,6822.1298828125,6814.6201171875,6819.7998046875,120818000
2025-12-15 20:45:00+00:00,6816.33984375,6824.83984375,6815.27978515625,6815.919921875,365961000
2025-12-16 14:30:00+00:00,6794.43994140625,6812.91015625,6790.419921875,6800.1201171875,90366548
2025-12-16 14:45:00+00:00,6817.2998046875,6819.22021484375,6785.830078125,6794.89013671875,124412858
2025-12-16 15:00:00+00:00,6802.68994140625,6819.27001953125,6799.259765625,6817.52001953125,116486614
2025-12-16 15:15:00+00:00,6785.83984375,6803.43017578125,6773.22998046875,6802.4501953125,107741977
2025-12-16 15:30:00+00:00,6790.08984375,6795.3701171875,6779.43994140625,6785.990234375,100292669
2025-12-16 15:45:00+00:00,6799.4599609375,6803.0498046875,6785.240234375,6789.919921875,86398939
2025-12-16 16:00:00+00:00,6786.7099609375,6801.81982421875,6784.14990234375,6799.18994140625,84686359
2025-12-16 16:15:00+00:00,6780.10009765625,6787.47998046875,6777.72021484375,6786.56982421875,78438456
2025-12-16 16:30:00+00:00,6782.35986328125,6786.0400390625,6775.16015625,6780.830078125,78095438
2025-12-16 16:45:00+00:00,6791.91015625,6793.35986328125,6779.919921875,6782.35986328125,73540975
2025-12-16 17:00:00+00:00,6794.72021484375,6796.2001953125,6784.22021484375,6792.2001953125,71280000
2025-12-16 17:15:00+00:00,6782.81005859375,6797.89013671875,6779.81005859375,6794.77001953125,60614000
2025-12-16 17:30:00+00:00,6775.8701171875,6791.33984375,6773.080078125,6782.7900390625,61314000
2025-12-16 17:45:00+00:00,6765.509765625,6779.669921875,6764.18017578125,6776.10009765625,59371000
2025-12-16 18:00:00+00:00,6768.89013671875,6768.97998046875,6759.740234375,6765.43994140625,65518000
2025-12-16 18:15:00+00:00,6764.60986328125,6770.56005859375,6762.259765625,6768.85986328125,56694000
2025-12-16 18:30:00+00:00,6787.419921875,6787.85986328125,6764.5,6764.5,63264000
2025-12-16 18:45:00+00:00,6787.7001953125,6794.85986328125,6785.89990234375,6787.52978515625,63175000
2025-12-16 19:00:00+00:00,6770.4501953125,6787.669921875,6769.5498046875,6787.669921875,67551000
2025-12-16 19:15:00+00:00,6779.39013671875,6779.4501953125,6767.830078125,6770.47021484375,65906000
2025-12-16 19:30:00+00:00,6788.31982421875,6789.740234375,6778.56982421875,6779.47021484375,69025000
2025-12-16 19:45:00+00:00,6788.52978515625,6794.47998046875,6784.64013671875,6788.35009765625,68878000
2025-12-16 20:00:00+00:00,6792.419921875,6799.18994140625,6787.22998046875,6788.419921875,77529000
2025-12-16 20:15:00+00:00,6801.3798828125,6801.5400390625,6792.1298828125,6792.43994140625,85098000
2025-12-16 20:30:00+00:00,6809.43994140625,6814.7099609375,6801.0498046875,6801.3798828125,123902000
2025-12-16 20:45:00+00:00,6798.509765625,6812.83984375,6798.35009765625,6809.33984375,348911000
2025-12-17 14:30:00+00:00,6793.830078125,6812.259765625,6790.080078125,6802.8798828125,97673327
2025-12-17 14:45:00+00:00,6802.08984375,6803.419921875,6784.68994140625,6793.66015625,122753323
2025-12-17 15:00:00+00:00,6798.10986328125,6805.1298828125,6791.52978515625,6800.169921875,120316394
2025-12-17 15:15:00+00:00,6798.419921875,6802.35009765625,6789.6201171875,6797.47998046875,100261645
2025-12-17 15:30:00+00:00,6768.72021484375,6800.2001953125,6764.81982421875,6798.35986328125,119245944
2025-12-17 15:45:00+00:00,6754.02001953125,6771.9599609375,6748.89990234375,6768.64990234375,122208325
2025-12-17 16:00:00+00:00,6745.41015625,6764.7001953125,6745.22998046875,6754.2099609375,106615194
2025-12-17 16:15:00+00:00,6755.66015625,6762.25,6742.509765625,6745.52001953125,92015096
2025-12-17 16:30:00+00:00,6752.43017578125,6755.669921875,6743.81982421875,6755.0498046875,84497000
2025-12-17 16:45:00+00:00,6750.6298828125,6755.58984375,6739.60986328125,6752.240234375,75901000
2025-12-17 17:00:00+00:00,6743.0,6753.08984375,6739.5,6750.4599609375,71743000
2025-12-17 17:15:00+00:00,6750.2001953125,6758.83984375,6741.02978515625,6742.9599609375,68253000
2025-12-17 17:30:00+00:00,6744.740234375,6758.66015625,6744.2099609375,6750.240234375,64961000
2025-12-17 17:45:00+00:00,6746.580078125,6749.0498046875,6739.490234375,6744.81005859375,62229000
2025-12-17 18:00:00+00:00,6743.1201171875,6757.2998046875,6742.9599609375,6746.60986328125,61062000
2025-12-17 18:15:00+00:00,6742.77001953125,6746.0498046875,6739.0498046875,6743.1201171875,59935000
2025-12-17 18:30:00+00:00,6735.830078125,6744.72021484375,6729.83984375,6742.58984375,65513000
2025-12-17 18:45:00+00:00,6733.9501953125,6738.10009765625,6730.240234375,6735.75,72936000
2025-12-17 19:00:00+00:00,6735.009765625,6736.509765625,6729.18994140625,6733.9501953125,72619000
2025-12-17 19:15:00+00:00,6733.41015625,6738.2099609375,6732.080078125,6734.9599609375,70372000
2025-12-17 19:30:00+00:00,6735.77978515625,6737.52001953125,6730.75,6733.35986328125,71730000
2025-12-17 19:45:00+00:00,6740.1298828125,6741.4501953125,6734.64013671875,6735.830078125,72615000
2025-12-17 20:00:00+00:00,6736.669921875,6741.52001953125,6733.2001953125,6740.0498046875,79472000
2025-12-17 20:15:00+00:00,6733.990234375,6741.2998046875,6731.5498046875,6736.6201171875,92638000
2025-12-17 20:30:00+00:00,6736.4599609375,6737.43994140625,6728.77978515625,6734.0498046875,116468000
2025-12-17 20:45:00+00:00,6722.22021484375,6738.2998046875,6720.43017578125,6736.5,370678000
2025-12-18 14:30:00+00:00,6773.18994140625,6796.39990234375,6770.60986328125,6778.06005859375,86785610
2025-12-18 14:45:00+00:00,6789.27978515625,6792.08984375,6765.7998046875,6774.7099609375,137767095
2025-12-18 15:00:00+00:00,6775.91015625,6793.0,6771.31005859375,6789.669921875,113670272
2025-12-18 15:15:00+00:00,6798.669921875,6800.080078125,6770.81982421875,6775.759765625,116855193
2025-12-18 15:30:00+00:00,6813.08984375,6814.93017578125,6795.93994140625,6798.68994140625,117548509
2025-12-18 15:45:00+00:00,6808.56982421875,6814.06005859375,6805.43017578125,6813.31005859375,94551154
2025-12-18 16:00:00+00:00,6808.56982421875,6815.18994140625,6807.10009765625,6808.77978515625,86046409
2025-12-18 16:15:00+00:00,6807.259765625,6812.72998046875,6803.83984375,6808.60986328125,84968039
2025-12-18 16:30:00+00:00,6812.22021484375,6816.1298828125,6806.169921875,6806.43017578125,73635597
2025-12-18 16:45:00+00:00,6805.0,6812.490234375,6802.81005859375,6812.06005859375,74262000
2025-12-18 17:00:00+00:00,6772.52978515625,6804.990234375,6769.25,6804.990234375,81572000
2025-12-18 17:15:00+00:00,6767.14990234375,6773.81982421875,6758.5,6772.89013671875,87201000
2025-12-18 17:30:00+00:00,6791.06982421875,6791.14013671875,6764.669921875,6767.27001953125,74262000
2025-12-18 17:45:00+00:00,6792.43994140625,6795.6298828125,6782.3701171875,6791.31005859375,62626000
2025-12-18 18:00:00+00:00,6792.9599609375,6797.35009765625,6785.669921875,6792.43994140625,60797000
2025-12-18 18:15:00+00:00,6797.2900390625,6799.18994140625,6792.509765625,6792.72998046875,53898000
2025-12-18 18:30:00+00:00,6798.06005859375,6805.77978515625,6797.240234375,6797.240234375,59661000
2025-12-18 18:45:00+00:00,6791.97998046875,6798.0,6789.60009765625,6797.990234375,56198000
2025-12-18 19:00:00+00:00,6783.43017578125,6791.56982421875,6775.259765625,6791.330078125,70182000
2025-12-18 19:15:00+00:00,6780.240234375,6783.47998046875,6776.0,6783.47998046875,63134000
2025-12-18 19:30:00+00:00,6772.06005859375,6781.2998046875,6771.259765625,6780.31005859375,65565000
2025-12-18 19:45:00+00:00,6766.41015625,6781.5498046875,6762.64013671875,6772.16015625,71586000
2025-12-18 20:00:00+00:00,6782.68017578125,6782.83984375,6763.81005859375,6766.22998046875,80984000
2025-12-18 20:15:00+00:00,6784.89990234375,6786.919921875,6778.240234375,6782.7001953125,78716000
2025-12-18 20:30:00+00:00,6790.169921875,6792.330078125,6783.419921875,6784.990234375,108547000
2025-12-18 20:45:00+00:00,6774.35009765625,6794.06982421875,6773.43994140625,6790.10986328125,325951000
2025-12-19 14:30:00+00:00,6823.27001953125,6823.27001953125,6792.6201171875,6792.6201171875,106032360
2025-12-19 14:45:00+00:00,6827.02978515625,6827.18017578125,6817.7900390625,6823.47998046875,134249183
2025-12-19 15:00:00+00:00,6824.56982421875,6833.81982421875,6821.2998046875,6826.7998046875,130060321
2025-12-19 15:15:00+00:00,6821.14990234375,6828.580078125,6813.919921875,6824.64990234375,104256515
2025-12-19 15:30:00+00:00,6822.14990234375,6829.8701171875,6816.6201171875,6821.169921875,104265000
2025-12-19 15:45:00+00:00,6819.06982421875,6822.93994140625,6816.080078125,6822.009765625,93892000
2025-12-19 16:00:00+00:00,6825.97998046875,6831.8798828125,6815.3701171875,6819.080078125,92972000
2025-12-19 16:15:00+00:00,6831.02978515625,6831.240234375,6824.25,6825.97998046875,73930000
2025-12-19 16:30:00+00:00,6827.1201171875,6833.77978515625,6827.1201171875,6831.02978515625,75299000
2025-12-19 16:45:00+00:00,6826.18994140625,6830.64990234375,6822.5400390625,6826.91015625,71575000
2025-12-19 17:00:00+00:00,6830.56982421875,6831.4501953125,6826.0498046875,6826.25,66922000
2025-12-19 17:15:00+00:00,6836.10009765625,6837.43017578125,6830.58984375,6830.6201171875,68765000
2025-12-19 17:30:00+00:00,6833.8701171875,6837.2099609375,6832.7900390625,6836.080078125,62383000
2025-12-19 17:45:00+00:00,6836.02978515625,6839.83984375,6833.0400390625,6833.8798828125,61240000
2025-12-19 18:00:00+00:00,6838.25,6838.81982421875,6834.259765625,6835.97998046875,60618000
2025-12-19 18:15:00+00:00,6836.93017578125,6840.02001953125,6835.8798828125,6838.22021484375,56475000
2025-12-19 18:30:00+00:00,6833.06982421875,6837.669921875,6831.47021484375,6837.02001953125,60654000
2025-12-19 18:45:00+00:00,6831.60986328125,6834.7900390625,6830.990234375,6833.02001953125,60874000
2025-12-19 19:00:00+00:00,6835.1298828125,6836.56005859375,6831.27001953125,6831.52978515625,68109000
2025-12-19 19:15:00+00:00,6835.419921875,6837.10009765625,6833.830078125,6835.22021484375,63980000
2025-12-19 19:30:00+00:00,6837.33984375,6838.43017578125,6834.740234375,6835.43994140625,67060000
2025-12-19 19:45:00+00:00,6834.85986328125,6838.89013671875,6834.52001953125,6837.31005859375,72774000
2025-12-19 20:00:00+00:00,6833.3798828125,6837.47998046875,6832.7998046875,6834.83984375,87621000
2025-12-19 20:15:00+00:00,6833.47998046875,6835.91015625,6832.27001953125,6833.39990234375,104555000
2025-12-19 20:30:00+00:00,6827.93994140625,6835.43994140625,6825.27978515625,6833.5400390625,132864000
2025-12-19 20:45:00+00:00,6834.7001953125,6836.16015625,6827.06005859375,6827.85009765625,497093000
2025-12-22 14:30:00+00:00,6860.8798828125,6873.89013671875,6858.490234375,6865.2099609375,101833628
2025-12-22 14:45:00+00:00,6868.14990234375,6869.89990234375,6860.06982421875,6860.8701171875,113881799
2025-12-22 15:00:00+00:00,6858.83984375,6869.47021484375,6858.27001953125,6868.14013671875,105401004
2025-12-22 15:15:00+00:00,6866.330078125,6867.56982421875,6858.58984375,6858.81005859375,88126578
2025-12-22 15:30:00+00:00,6866.2900390625,6868.27001953125,6855.740234375,6866.27001953125,81615551
2025-12-22 15:45:00+00:00,6864.990234375,6868.35986328125,6864.64013671875,6866.10986328125,71677736
2025-12-22 16:00:00+00:00,6875.35009765625,6875.60009765625,6864.8798828125,6864.8798828125,70728360
2025-12-22 16:15:00+00:00,6875.3701171875,6878.22998046875,6874.6201171875,6875.4501953125,74219324
2025-12-22 16:30:00+00:00,6872.72998046875,6876.39013671875,6872.72998046875,6875.490234375,57226309
2025-12-22 16:45:00+00:00,6877.669921875,6877.68994140625,6872.2998046875,6872.4501953125,56604035
2025-12-22 17:00:00+00:00,6876.5498046875,6879.33984375,6875.18994140625,6877.77978515625,58616692
2025-12-22 17:15:00+00:00,6875.14013671875,6878.27001953125,6874.169921875,6876.52001953125,49234000
2025-12-22 17:30:00+00:00,6876.580078125,6877.7001953125,6874.5400390625,6875.06982421875,53422000
2025-12-22 17:45:00+00:00,6881.10009765625,6882.02978515625,6875.81005859375,6876.56005859375,51094000
2025-12-22 18:00:00+00:00,6876.58984375,6881.14013671875,6876.47998046875,6881.14013671875,48016000
2025-12-22 18:15:00+00:00,6875.93017578125,6876.89013671875,6872.5498046875,6876.60986328125,48190000
2025-12-22 18:30:00+00:00,6876.10009765625,6877.89013671875,6875.009765625,6875.89013671875,50927000
2025-12-22 18:45:00+00:00,6873.490234375,6876.31982421875,6872.259765625,6876.10986328125,49120000
2025-12-22 19:00:00+00:00,6871.52978515625,6874.2001953125,6870.6201171875,6873.58984375,52970000
2025-12-22 19:15:00+00:00,6875.740234375,6875.83984375,6870.60009765625,6871.47998046875,49349000
2025-12-22 19:30:00+00:00,6876.06982421875,6878.97998046875,6875.759765625,6875.7900390625,52318000
2025-12-22 19:45:00+00:00,6876.25,6877.2099609375,6875.1201171875,6876.02001953125,50177000
2025-12-22 20:00:00+00:00,6876.1298828125,6877.9599609375,6875.0498046875,6876.27978515625,65138000
2025-12-22 20:15:00+00:00,6877.39013671875,6878.60986328125,6875.759765625,6876.1201171875,70884000
2025-12-22 20:30:00+00:00,6877.35986328125,6879.7900390625,6876.990234375,6877.419921875,86874000
2025-12-22 20:45:00+00:00,6876.490234375,6879.39990234375,6874.91015625,6877.35009765625,262604000
2025-12-23 14:30:00+00:00,6887.1201171875,6887.14013671875,6868.81005859375,6872.41015625,66111309
2025-12-23 14:45:00+00:00,6882.5498046875,6891.830078125,6879.25,6887.10986328125,82809695
2025-12-23 15:00:00+00:00,6876.18994140625,6883.2001953125,6872.6201171875,6882.2099609375,81204318
2025-12-23 15:15:00+00:00,6881.2099609375,6884.830078125,6876.41015625,6876.41015625,72921971
2025-12-23 15:30:00+00:00,6890.169921875,6890.81005859375,6881.18994140625,6881.18994140625,65331041
2025-12-23 15:45:00+00:00,6892.27001953125,6893.64013671875,6888.31982421875,6890.169921875,60407504
2025-12-23 16:00:00+00:00,6893.77978515625,6895.27978515625,6891.6298828125,6892.2001953125,62479700
2025-12-23 16:15:00+00:00,6894.2998046875,6896.75,6893.58984375,6893.68994140625,58837513
2025-12-23 16:30:00+00:00,6896.22021484375,6897.2001953125,6892.91015625,6894.31982421875,59788197
2025-12-23 16:45:00+00:00,6898.3798828125,6899.2001953125,6896.0,6896.31982421875,51067131
2025-12-23 17:00:00+00:00,6898.7099609375,6899.509765625,6896.22998046875,6898.3701171875,56488587
2025-12-23 17:15:00+00:00,6899.93017578125,6901.02978515625,6898.02978515625,6898.6201171875,46630925
2025-12-23 17:30:00+00:00,6899.3701171875,6900.85986328125,6897.580078125,6899.91015625,41033975
2025-12-23 17:45:00+00:00,6899.22998046875,6900.2998046875,6896.56982421875,6899.35986328125,44218028
2025-12-23 18:00:00+00:00,6902.3798828125,6902.669921875,6898.490234375,6899.2099609375,44868279
2025-12-23 18:15:00+00:00,6904.27001953125,6905.85009765625,6901.64990234375,6902.35009765625,44929726
2025-12-23 18:30:00+00:00,6905.72998046875,6906.31982421875,6904.16015625,6904.2099609375,44286000
2025-12-23 18:45:00+00:00,6903.8701171875,6906.22998046875,6903.83984375,6905.7001953125,46615000
2025-12-23 19:00:00+00:00,6905.83984375,6906.75,6903.77978515625,6903.919921875,47212000
2025-12-23 19:15:00+00:00,6907.60009765625,6908.2001953125,6905.77978515625,6905.7900390625,48023000
2025-12-23 19:30:00+00:00,6906.58984375,6907.7998046875,6905.72998046875,6907.58984375,47553000
2025-12-23 19:45:00+00:00,6906.81005859375,6907.85986328125,6906.419921875,6906.64990234375,49124000
2025-12-23 20:00:00+00:00,6907.64990234375,6908.72998046875,6906.7998046875,6906.8701171875,54263000
2025-12-23 20:15:00+00:00,6906.919921875,6908.43994140625,6906.66015625,6907.669921875,61018000
2025-12-23 20:30:00+00:00,6906.169921875,6908.60986328125,6906.1298828125,6906.919921875,81016000
2025-12-23 20:45:00+00:00,6909.02001953125,6910.8798828125,6904.85986328125,6906.169921875,259442000
2025-12-24 14:30:00+00:00,6911.89990234375,6915.22998046875,6904.91015625,6904.91015625,55572265
2025-12-24 14:45:00+00:00,6914.64013671875,6916.2099609375,6910.72021484375,6911.740234375,64165569
2025-12-24 15:00:00+00:00,6919.25,6919.85986328125,6914.009765625,6914.68994140625,59391482
2025-12-24 15:15:00+00:00,6920.2099609375,6921.419921875,6916.77978515625,6919.330078125,58452047
2025-12-24 15:30:00+00:00,6921.0400390625,6921.169921875,6918.60986328125,6920.27001953125,55601301
2025-12-24 15:45:00+00:00,6923.5498046875,6923.89990234375,6920.669921875,6921.22021484375,48211087
2025-12-24 16:00:00+00:00,6927.83984375,6927.919921875,6922.43017578125,6923.5400390625,46786070
2025-12-24 16:15:00+00:00,6928.93994140625,6929.18994140625,6925.580078125,6927.77001953125,45098401
2025-12-24 16:30:00+00:00,6933.47998046875,6934.1298828125,6928.4599609375,6928.97998046875,47929330
2025-12-24 16:45:00+00:00,6932.7900390625,6934.08984375,6931.3798828125,6933.47998046875,41443413
2025-12-24 17:00:00+00:00,6935.1201171875,6935.7001953125,6932.68994140625,6932.740234375,44331748
2025-12-24 17:15:00+00:00,6934.8798828125,6935.52001953125,6931.93017578125,6935.2001953125,48441499
2025-12-24 17:30:00+00:00,6932.52978515625,6937.31982421875,6932.27001953125,6934.75,59817375
2025-12-24 17:45:00+00:00,6931.35009765625,6934.89990234375,6930.27978515625,6932.509765625,135618895
2025-12-26 14:30:00+00:00,6944.47998046875,6944.7998046875,6932.43017578125,6936.02001953125,48578513
2025-12-26 14:45:00+00:00,6935.8798828125,6945.77001953125,6934.02001953125,6944.68017578125,62351104
2025-12-26 15:00:00+00:00,6927.56982421875,6936.7099609375,6926.7998046875,6935.8701171875,60878318
2025-12-26 15:15:00+00:00,6935.7998046875,6936.0,6925.39990234375,6927.47021484375,57217576
2025-12-26 15:30:00+00:00,6933.91015625,6938.490234375,6933.91015625,6935.85986328125,50088354
2025-12-26 15:45:00+00:00,6936.759765625,6937.080078125,6932.93017578125,6933.9501953125,49809096
2025-12-26 16:00:00+00:00,6928.02001953125,6938.0400390625,6928.02001953125,6936.7001953125,45861290
2025-12-26 16:15:00+00:00,6931.31982421875,6932.330078125,6926.7900390625,6928.14013671875,37437476
2025-12-26 16:30:00+00:00,6931.22021484375,6931.77001953125,6930.06005859375,6931.2998046875,32519156
2025-12-26 16:45:00+00:00,6928.56005859375,6931.60009765625,6926.9599609375,6931.22998046875,36748380
2025-12-26 17:00:00+00:00,6923.52978515625,6928.64013671875,6923.02978515625,6928.4599609375,32183246
2025-12-26 17:15:00+00:00,6929.6201171875,6929.64990234375,6922.64013671875,6923.5498046875,31233821
2025-12-26 17:30:00+00:00,6924.81005859375,6930.22998046875,6923.9599609375,6929.6201171875,31562759
2025-12-26 17:45:00+00:00,6926.25,6927.2998046875,6923.93994140625,6924.7998046875,28387387
2025-12-26 18:00:00+00:00,6927.47998046875,6929.0498046875,6926.2001953125,6926.27001953125,28777562
2025-12-26 18:15:00+00:00,6925.52001953125,6927.509765625,6921.60009765625,6927.509765625,29913884
2025-12-26 18:30:00+00:00,6927.72998046875,6929.7900390625,6925.27001953125,6925.4599609375,30192040
2025-12-26 18:45:00+00:00,6931.06005859375,6931.35009765625,6926.81982421875,6927.66015625,30706941
2025-12-26 19:00:00+00:00,6930.77001953125,6932.91015625,6929.47021484375,6930.919921875,32493950
2025-12-26 19:15:00+00:00,6928.68994140625,6931.240234375,6928.2001953125,6930.72021484375,28945683
2025-12-26 19:30:00+00:00,6930.08984375,6931.2001953125,6928.75,6928.75,33078520
2025-12-26 19:45:00+00:00,6929.77001953125,6930.58984375,6929.0,6930.080078125,34012732
2025-12-26 20:00:00+00:00,6929.89990234375,6931.5,6928.5400390625,6929.81005859375,39784916
2025-12-26 20:15:00+00:00,6930.08984375,6930.7099609375,6928.7001953125,6929.919921875,40355483
2025-12-26 20:30:00+00:00,6932.5,6932.85009765625,6929.7900390625,6930.080078125,57545395
2025-12-26 20:45:00+00:00,6930.52001953125,6932.669921875,6927.97021484375,6932.490234375,178781000
2025-12-29 14:30:00+00:00,6912.35009765625,6920.2099609375,6897.52978515625,6899.81005859375,65478414
2025-12-29 14:45:00+00:00,6903.77978515625,6912.6201171875,6901.240234375,6912.6201171875,82643794
2025-12-29 15:00:00+00:00,6898.740234375,6906.5400390625,6896.18017578125,6903.6298828125,69618139
2025-12-29 15:15:00+00:00,6907.6201171875,6908.18017578125,6898.47021484375,6898.64013671875,58718392
2025-12-29 15:30:00+00:00,6909.66015625,6911.66015625,6905.41015625,6907.47998046875,56787945
2025-12-29 15:45:00+00:00,6901.52001953125,6909.85009765625,6896.7099609375,6909.64013671875,54925714
2025-12-29 16:00:00+00:00,6902.85009765625,6903.89990234375,6897.97021484375,6901.4501953125,51663207
2025-12-29 16:15:00+00:00,6899.47998046875,6902.77978515625,6897.3798828125,6902.77978515625,45917428
2025-12-29 16:30:00+00:00,6896.3701171875,6902.5400390625,6894.830078125,6899.47998046875,43741203
2025-12-29 16:45:00+00:00,6898.58984375,6901.509765625,6896.27978515625,6896.35009765625,46014796
2025-12-29 17:00:00+00:00,6896.06982421875,6899.85986328125,6893.9599609375,6898.5400390625,37811633
2025-12-29 17:15:00+00:00,6890.2998046875,6896.8701171875,6888.759765625,6895.990234375,37314970
2025-12-29 17:30:00+00:00,6892.6298828125,6892.9599609375,6889.7099609375,6890.27978515625,38265874
2025-12-29 17:45:00+00:00,6897.81005859375,6898.43017578125,6892.490234375,6892.580078125,39638303
2025-12-29 18:00:00+00:00,6896.68994140625,6898.7998046875,6895.68994140625,6897.77978515625,36122063
2025-12-29 18:15:00+00:00,6900.97998046875,6902.77001953125,6896.68017578125,6896.68017578125,40056438
2025-12-29 18:30:00+00:00,6902.240234375,6906.39013671875,6900.75,6900.97998046875,37944760
2025-12-29 18:45:00+00:00,6899.77978515625,6902.56982421875,6899.4501953125,6902.2900390625,33914593
2025-12-29 19:00:00+00:00,6897.740234375,6900.35009765625,6896.72021484375,6899.759765625,38446312
2025-12-29 19:15:00+00:00,6902.14013671875,6902.43994140625,6897.259765625,6897.77978515625,36688000
2025-12-29 19:30:00+00:00,6906.85986328125,6908.22998046875,6902.10009765625,6902.10009765625,39586000
2025-12-29 19:45:00+00:00,6910.77978515625,6912.22021484375,6906.7001953125,6906.85986328125,43179000
2025-12-29 20:00:00+00:00,6912.5,6912.5,6908.919921875,6910.77978515625,45609000
2025-12-29 20:15:00+00:00,6909.669921875,6913.7099609375,6909.58984375,6912.47998046875,51204000
2025-12-29 20:30:00+00:00,6907.3701171875,6911.68017578125,6906.25,6909.740234375,67974000
2025-12-29 20:45:00+00:00,6906.9599609375,6909.35009765625,6902.4501953125,6907.39990234375,214365000
2025-12-30 14:30:00+00:00,6898.9501953125,6905.89990234375,6898.490234375,6900.43994140625,51587209
2025-12-30 14:45:00+00:00,6909.47998046875,6913.25,6896.64013671875,6898.89013671875,71054852
2025-12-30 15:00:00+00:00,6897.64990234375,6909.919921875,6896.66015625,6909.4501953125,62021875
2025-12-30 15:15:00+00:00,6896.830078125,6901.64990234375,6895.60986328125,6897.740234375,52168360
2025-12-30 15:30:00+00:00,6895.2998046875,6897.5400390625,6893.47021484375,6896.97021484375,53063494
2025-12-30 15:45:00+00:00,6903.8798828125,6905.02978515625,6894.75,6895.3701171875,48738715
2025-12-30 16:00:00+00:00,6905.43994140625,6907.93017578125,6903.14013671875,6903.85009765625,50770279
2025-12-30 16:15:00+00:00,6910.10986328125,6913.06005859375,6905.509765625,6905.58984375,49572814
2025-12-30 16:30:00+00:00,6903.919921875,6910.419921875,6902.18994140625,6910.080078125,44565231
2025-12-30 16:45:00+00:00,6900.31982421875,6904.22021484375,6900.06005859375,6903.97021484375,35862485
2025-12-30 17:00:00+00:00,6898.60986328125,6900.5,6898.31005859375,6900.14990234375,34643893
2025-12-30 17:15:00+00:00,6901.33984375,6901.68994140625,6897.02978515625,6898.580078125,35439167
2025-12-30 17:30:00+00:00,6902.0498046875,6904.7099609375,6901.25,6901.43017578125,33017258
2025-12-30 17:45:00+00:00,6903.89013671875,6904.52978515625,6899.830078125,6902.0400390625,31769190
2025-12-30 18:00:00+00:00,6904.68017578125,6905.41015625,6900.009765625,6903.93017578125,33466044
2025-12-30 18:15:00+00:00,6905.33984375,6905.47998046875,6903.259765625,6904.66015625,30052938
2025-12-30 18:30:00+00:00,6904.2001953125,6906.77978515625,6902.72021484375,6905.35009765625,32836034
2025-12-30 18:45:00+00:00,6905.4599609375,6906.3798828125,6903.85986328125,6904.18017578125,33294546
2025-12-30 19:00:00+00:00,6906.58984375,6906.58984375,6902.22998046875,6905.47021484375,36915796
2025-12-30 19:15:00+00:00,6905.64990234375,6906.60986328125,6904.43017578125,6906.60986328125,36580284
2025-12-30 19:30:00+00:00,6905.41015625,6906.8798828125,6904.25,6905.64013671875,37736400
2025-12-30 19:45:00+00:00,6903.2099609375,6906.0,6901.85009765625,6905.43017578125,40420432
2025-12-30 20:00:00+00:00,6900.52978515625,6904.06982421875,6898.77978515625,6903.240234375,47290000
2025-12-30 20:15:00+00:00,6902.85986328125,6905.08984375,6900.2900390625,6900.47998046875,47612000
2025-12-30 20:30:00+00:00,6904.39013671875,6905.8701171875,6902.64013671875,6902.759765625,64515000
2025-12-30 20:45:00+00:00,6896.4501953125,6904.5,6895.18017578125,6904.41015625,212498000
2025-12-31 14:30:00+00:00,6885.68994140625,6901.419921875,6884.25,6898.81982421875,46465437
2025-12-31 14:45:00+00:00,6886.509765625,6891.22998046875,6879.8798828125,6885.740234375,57635265
2025-12-31 15:00:00+00:00,6881.18017578125,6887.1298828125,6879.6298828125,6886.490234375,54907724
2025-12-31 15:15:00+00:00,6882.18017578125,6883.2001953125,6876.240234375,6881.2998046875,46336764
2025-12-31 15:30:00+00:00,6878.240234375,6883.2001953125,6876.68017578125,6882.2001953125,44115897
2025-12-31 15:45:00+00:00,6870.14990234375,6878.27001953125,6868.97998046875,6878.27001953125,41535679
2025-12-31 16:00:00+00:00,6872.35986328125,6873.3798828125,6870.27978515625,6870.31982421875,40966697
2025-12-31 16:15:00+00:00,6878.509765625,6878.52978515625,6872.2900390625,6872.2900390625,39990758
2025-12-31 16:30:00+00:00,6876.18017578125,6878.60986328125,6874.7900390625,6878.52978515625,36627826
2025-12-31 16:45:00+00:00,6880.64990234375,6881.10009765625,6875.1298828125,6876.14990234375,34187533
2025-12-31 17:00:00+00:00,6876.490234375,6881.1201171875,6873.56005859375,6880.6298828125,34534419
2025-12-31 17:15:00+00:00,6877.14013671875,6878.9599609375,6875.669921875,6876.490234375,33076469
2025-12-31 17:30:00+00:00,6877.85009765625,6880.1298828125,6876.10009765625,6877.14990234375,32316385
2025-12-31 17:45:00+00:00,6875.14990234375,6878.31982421875,6873.91015625,6877.81005859375,31757029
2025-12-31 18:00:00+00:00,6879.97021484375,6879.97021484375,6874.58984375,6875.22021484375,31453839
2025-12-31 18:15:00+00:00,6880.72021484375,6881.06982421875,6876.7001953125,6880.0400390625,30183635
2025-12-31 18:30:00+00:00,6884.22021484375,6884.56005859375,6880.0498046875,6880.759765625,32802619
2025-12-31 18:45:00+00:00,6885.2900390625,6887.31005859375,6883.72021484375,6884.27978515625,32939784
2025-12-31 19:00:00+00:00,6886.18994140625,6889.31005859375,6885.25,6885.25,31427433
2025-12-31 19:15:00+00:00,6877.97021484375,6886.2998046875,6877.7001953125,6886.2001953125,33740133
2025-12-31 19:30:00+00:00,6872.7998046875,6878.52978515625,6868.64990234375,6877.91015625,41616115
2025-12-31 19:45:00+00:00,6868.740234375,6873.39013671875,6868.0400390625,6872.830078125,33570936
2025-12-31 20:00:00+00:00,6859.6298828125,6869.16015625,6857.39990234375,6868.77001953125,46398473
2025-12-31 20:15:00+00:00,6854.3701171875,6862.41015625,6853.10009765625,6859.7099609375,50228568
2025-12-31 20:30:00+00:00,6861.490234375,6864.18017578125,6852.9501953125,6854.35986328125,62088181
2025-12-31 20:45:00+00:00,6845.77001953125,6861.9599609375,6844.5498046875,6861.5,224800000
2026-01-02 14:30:00+00:00,6875.60986328125,6888.669921875,6867.89990234375,6878.10986328125,88038309
2026-01-02 14:45:00+00:00,6887.77978515625,6894.5,6874.93017578125,6876.080078125,114468754
2026-01-02 15:00:00+00:00,6869.22998046875,6894.8701171875,6866.85009765625,6887.91015625,111080579
2026-01-02 15:15:00+00:00,6850.08984375,6870.0,6842.31005859375,6869.2001953125,95625755
2026-01-02 15:30:00+00:00,6867.56982421875,6871.259765625,6847.2998046875,6850.2900390625,94264083
2026-01-02 15:45:00+00:00,6840.18994140625,6869.85009765625,6837.27978515625,6867.3798828125,90330823
2026-01-02 16:00:00+00:00,6843.93994140625,6843.9501953125,6830.77978515625,6840.1201171875,88783667
2026-01-02 16:15:00+00:00,6844.31982421875,6849.5498046875,6837.8798828125,6844.02001953125,75136694
2026-01-02 16:30:00+00:00,6841.06982421875,6851.7900390625,6840.83984375,6844.35009765625,66262263
2026-01-02 16:45:00+00:00,6837.259765625,6842.16015625,6828.990234375,6840.93994140625,60026669
2026-01-02 17:00:00+00:00,6848.740234375,6849.6201171875,6832.72998046875,6837.27978515625,54885000
2026-01-02 17:15:00+00:00,6850.3701171875,6850.5400390625,6845.240234375,6848.85009765625,53998000
2026-01-02 17:30:00+00:00,6846.18017578125,6853.93994140625,6843.740234375,6850.4501953125,52627000
2026-01-02 17:45:00+00:00,6837.580078125,6848.259765625,6836.18017578125,6846.18017578125,52245000
2026-01-02 18:00:00+00:00,6834.31005859375,6841.60009765625,6833.669921875,6837.669921875,45892000
2026-01-02 18:15:00+00:00,6835.85986328125,6843.39013671875,6832.35986328125,6834.27978515625,47823000
2026-01-02 18:30:00+00:00,6837.259765625,6839.080078125,6833.77978515625,6835.93017578125,46193000
2026-01-02 18:45:00+00:00,6831.02001953125,6839.18994140625,6824.31005859375,6837.2998046875,51632000
2026-01-02 19:00:00+00:00,6850.1201171875,6851.02978515625,6830.14013671875,6830.93994140625,61440000
2026-01-02 19:15:00+00:00,6855.0498046875,6855.64013671875,6845.3701171875,6850.08984375,56053000
2026-01-02 19:30:00+00:00,6861.6298828125,6865.2001953125,6855.06982421875,6855.08984375,58518000
2026-01-02 19:45:00+00:00,6857.490234375,6863.41015625,6855.47021484375,6861.759765625,56103000
2026-01-02 20:00:00+00:00,6858.509765625,6862.64013671875,6855.14013671875,6857.43017578125,61143000
2026-01-02 20:15:00+00:00,6858.68994140625,6862.75,6856.4599609375,6858.47021484375,66417000
2026-01-02 20:30:00+00:00,6852.0,6860.14990234375,6851.91015625,6858.6201171875,89408000
2026-01-02 20:45:00+00:00,6858.5400390625,6858.77978515625,6846.64013671875,6851.97021484375,277229000
2026-01-05 14:30:00+00:00,6901.4501953125,6902.68994140625,6891.56005859375,6892.18994140625,123999767
2026-01-05 14:45:00+00:00,6896.52978515625,6905.33984375,6891.56982421875,6901.35009765625,151933004
2026-01-05 15:00:00+00:00,6902.52001953125,6905.33984375,6892.5400390625,6897.14990234375,141317978
2026-01-05 15:15:00+00:00,6912.8798828125,6913.3701171875,6899.85009765625,6902.490234375,125131802
2026-01-05 15:30:00+00:00,6907.02978515625,6914.72021484375,6906.330078125,6912.83984375,119102733
2026-01-05 15:45:00+00:00,6909.6298828125,6911.83984375,6906.919921875,6907.02001953125,102450823
2026-01-05 16:00:00+00:00,6910.66015625,6913.68994140625,6906.41015625,6909.6298828125,114713687
2026-01-05 16:15:00+00:00,6912.830078125,6915.18017578125,6908.93017578125,6910.56005859375,93330000
2026-01-05 16:30:00+00:00,6914.5498046875,6915.6298828125,6910.8701171875,6913.25,91241000
2026-01-05 16:45:00+00:00,6915.08984375,6920.3798828125,6914.10009765625,6914.52001953125,88933000
2026-01-05 17:00:00+00:00,6916.16015625,6918.02978515625,6913.81005859375,6915.16015625,96873000
2026-01-05 17:15:00+00:00,6909.91015625,6916.66015625,6908.58984375,6916.2099609375,80033000
2026-01-05 17:30:00+00:00,6909.93017578125,6912.759765625,6908.419921875,6909.97998046875,79122000
2026-01-05 17:45:00+00:00,6911.9501953125,6914.169921875,6909.669921875,6909.97021484375,72532000
2026-01-05 18:00:00+00:00,6910.5400390625,6914.06982421875,6907.5498046875,6911.9599609375,70601000
2026-01-05 18:15:00+00:00,6910.02978515625,6910.60986328125,6903.22021484375,6910.580078125,68040000
2026-01-05 18:30:00+00:00,6912.2900390625,6913.0498046875,6909.1298828125,6910.10986328125,60658000
2026-01-05 18:45:00+00:00,6911.7001953125,6914.22021484375,6910.8798828125,6912.330078125,64984000
2026-01-05 19:00:00+00:00,6908.66015625,6913.02978515625,6908.080078125,6911.7001953125,75461000
2026-01-05 19:15:00+00:00,6908.35986328125,6909.97998046875,6907.22998046875,6908.64990234375,67900000
2026-01-05 19:30:00+00:00,6902.93017578125,6909.39013671875,6899.43994140625,6908.31982421875,71215000
2026-01-05 19:45:00+00:00,6902.6201171875,6906.22998046875,6901.77001953125,6902.7900390625,72782000
2026-01-05 20:00:00+00:00,6907.169921875,6908.2900390625,6901.6298828125,6902.64990234375,82010000
2026-01-05 20:15:00+00:00,6905.56982421875,6908.10009765625,6904.419921875,6907.240234375,92713000
2026-01-05 20:30:00+00:00,6904.47021484375,6907.490234375,6904.10986328125,6905.5498046875,115155000
2026-01-05 20:45:00+00:00,6902.740234375,6906.419921875,6897.740234375,6904.4599609375,328534000
2026-01-06 14:30:00+00:00,6904.83984375,6912.81982421875,6904.02001953125,6908.02978515625,73956627
2026-01-06 14:45:00+00:00,6927.1201171875,6927.68017578125,6915.5,6915.5,177595768
2026-01-06 15:00:00+00:00,6932.06982421875,6932.2099609375,6926.240234375,6927.22998046875,129220511
2026-01-06 15:15:00+00:00,6932.52001953125,6934.60009765625,6926.85009765625,6931.85009765625,102947800
2026-01-06 15:30:00+00:00,6924.47021484375,6932.56005859375,6922.39990234375,6932.56005859375,94284922
2026-01-06 15:45:00+00:00,6914.669921875,6925.27978515625,6914.06982421875,6922.5,74688597
2026-01-06 16:00:00+00:00,6914.4599609375,6915.72998046875,6909.919921875,6914.2099609375,129493127
2026-01-06 16:15:00+00:00,6916.39013671875,6920.419921875,6913.75,6915.60986328125,99083336
2026-01-06 16:30:00+00:00,6915.75,6918.64990234375,6914.4501953125,6916.08984375,76758000
2026-01-06 16:45:00+00:00,6920.47998046875,6920.8701171875,6914.259765625,6914.5498046875,89428000
2026-01-06 17:00:00+00:00,6925.47998046875,6925.47998046875,6918.5498046875,6920.47021484375,61380000
2026-01-06 17:15:00+00:00,6929.85009765625,6932.16015625,6925.7998046875,6926.81005859375,79443000
2026-01-06 17:30:00+00:00,6932.64990234375,6936.8798828125,6929.89013671875,6929.89013671875,70815000
2026-01-06 17:45:00+00:00,6935.5498046875,6935.72021484375,6933.6298828125,6935.10986328125,75301000
2026-01-06 18:00:00+00:00,6935.2900390625,6935.66015625,6932.18994140625,6935.509765625,72139000
2026-01-06 18:15:00+00:00,6934.56005859375,6937.669921875,6934.2001953125,6935.31005859375,60467000
2026-01-06 18:30:00+00:00,6937.35986328125,6937.72998046875,6934.669921875,6935.41015625,62899000
2026-01-06 18:45:00+00:00,6943.1298828125,6943.18994140625,6940.740234375,6942.2099609375,71942000
2026-01-06 19:00:00+00:00,6945.72998046875,6945.89013671875,6942.419921875,6943.18017578125,63506000
2026-01-06 19:15:00+00:00,6945.7001953125,6947.0,6945.52978515625,6946.02001953125,68436000
2026-01-06 19:30:00+00:00,6946.47998046875,6947.22021484375,6944.91015625,6945.77001953125,69847000
2026-01-06 19:45:00+00:00,6944.3701171875,6946.9501953125,6943.8798828125,6946.41015625,72362000
2026-01-06 20:00:00+00:00,6946.39990234375,6947.490234375,6944.0,6944.2998046875,71759000
2026-01-06 20:15:00+00:00,6945.41015625,6947.35986328125,6945.02001953125,6946.43017578125,111997000
2026-01-06 20:30:00+00:00,6947.240234375,6948.169921875,6945.0498046875,6945.39013671875,112436000
2026-01-06 20:45:00+00:00,6946.35009765625,6948.68994140625,6945.77978515625,6946.9501953125,176903000
2026-01-07 14:30:00+00:00,6954.330078125,6954.77001953125,6942.77978515625,6945.06982421875,105654998
2026-01-07 14:45:00+00:00,6951.580078125,6957.39990234375,6949.81982421875,6954.14013671875,137000725
2026-01-07 15:00:00+00:00,6942.6201171875,6953.0498046875,6941.66015625,6951.22021484375,138609926
2026-01-07 15:15:00+00:00,6943.14990234375,6945.43017578125,6937.22021484375,6942.56982421875,123715120
2026-01-07 15:30:00+00:00,6943.77001953125,6951.509765625,6936.580078125,6943.14990234375,128912451
2026-01-07 15:45:00+00:00,6951.47998046875,6952.259765625,6943.080078125,6943.740234375,106945302
2026-01-07 16:00:00+00:00,6951.8701171875,6954.33984375,6950.81982421875,6951.3798828125,85364403
2026-01-07 16:15:00+00:00,6948.240234375,6953.080078125,6945.64013671875,6952.06005859375,82751636
2026-01-07 16:30:00+00:00,6958.009765625,6958.35009765625,6947.81982421875,6948.240234375,75105000
2026-01-07 16:45:00+00:00,6960.8798828125,6961.8798828125,6956.740234375,6957.97021484375,71364000
2026-01-07 17:00:00+00:00,6963.2900390625,6965.68994140625,6960.77001953125,6960.8798828125,71068000
2026-01-07 17:15:00+00:00,6962.97021484375,6965.31005859375,6962.0400390625,6963.27001953125,70651000
2026-01-07 17:30:00+00:00,6963.3798828125,6963.5,6959.35986328125,6962.9599609375,67780000
2026-01-07 17:45:00+00:00,6955.91015625,6963.64013671875,6954.169921875,6963.33984375,83949000
2026-01-07 18:00:00+00:00,6954.009765625,6956.009765625,6952.27978515625,6955.9599609375,67963000
2026-01-07 18:15:00+00:00,6947.47998046875,6953.91015625,6946.93017578125,6953.91015625,67076000
2026-01-07 18:30:00+00:00,6953.6298828125,6954.2900390625,6947.58984375,6947.58984375,73036000
2026-01-07 18:45:00+00:00,6954.22998046875,6957.509765625,6951.89013671875,6953.4599609375,75183000
2026-01-07 19:00:00+00:00,6945.5498046875,6954.81982421875,6943.1298828125,6954.27001953125,81629000
2026-01-07 19:15:00+00:00,6942.39990234375,6945.990234375,6940.3798828125,6945.669921875,69334000
2026-01-07 19:30:00+00:00,6945.169921875,6947.22998046875,6941.81005859375,6942.52978515625,73249000
2026-01-07 19:45:00+00:00,6943.419921875,6945.56005859375,6943.0400390625,6945.259765625,71358000
2026-01-07 20:00:00+00:00,6933.72998046875,6943.830078125,6933.22998046875,6943.39013671875,84661000
2026-01-07 20:15:00+00:00,6928.93017578125,6936.419921875,6927.10986328125,6933.740234375,94044000
2026-01-07 20:30:00+00:00,6922.2001953125,6928.89013671875,6919.2001953125,6928.89013671875,128599000
2026-01-07 20:45:00+00:00,6921.52978515625,6924.8798828125,6919.18994140625,6922.14013671875,333285000
2026-01-08 14:30:00+00:00,6903.68994140625,6917.93994140625,6902.1201171875,6914.10986328125,103590029
2026-01-08 14:45:00+00:00,6908.3701171875,6916.580078125,6899.330078125,6903.6201171875,146473121
2026-01-08 15:00:00+00:00,6921.9599609375,6923.9599609375,6903.2998046875,6906.89990234375,138736294
2026-01-08 15:15:00+00:00,6921.83984375,6925.240234375,6919.89013671875,6922.06005859375,105019555
2026-01-08 15:30:00+00:00,6922.72998046875,6924.56005859375,6912.669921875,6921.8798828125,111595145
2026-01-08 15:45:00+00:00,6923.68017578125,6924.31005859375,6910.81982421875,6922.58984375,105986487
2026-01-08 16:00:00+00:00,6914.52001953125,6925.02001953125,6913.97998046875,6923.75,89840391
2026-01-08 16:15:00+00:00,6916.47021484375,6920.66015625,6912.0,6914.43994140625,87098647
2026-01-08 16:30:00+00:00,6921.3701171875,6921.85009765625,6910.080078125,6916.330078125,85525000
2026-01-08 16:45:00+00:00,6924.669921875,6925.9501953125,6917.25,6921.4501953125,78362000
2026-01-08 17:00:00+00:00,6920.490234375,6924.759765625,6918.2998046875,6924.4501953125,71424000
2026-01-08 17:15:00+00:00,6918.72998046875,6925.2900390625,6916.97998046875,6920.4501953125,68394000
2026-01-08 17:30:00+00:00,6925.52978515625,6926.81005859375,6918.85986328125,6918.85986328125,68149000
2026-01-08 17:45:00+00:00,6926.39990234375,6931.27978515625,6924.97998046875,6925.72021484375,65066000
2026-01-08 18:00:00+00:00,6914.66015625,6927.22998046875,6914.39990234375,6926.33984375,88723000
2026-01-08 18:15:00+00:00,6920.9599609375,6922.43994140625,6913.89990234375,6914.72021484375,64648000
2026-01-08 18:30:00+00:00,6920.009765625,6921.27978515625,6918.08984375,6921.0400390625,59714000
2026-01-08 18:45:00+00:00,6914.58984375,6923.3701171875,6913.47021484375,6919.91015625,64386000
2026-01-08 19:00:00+00:00,6912.39990234375,6919.06005859375,6911.9501953125,6914.52978515625,74943000
2026-01-08 19:15:00+00:00,6915.06005859375,6918.47998046875,6908.4599609375,6912.2099609375,69220000
2026-01-08 19:30:00+00:00,6912.91015625,6918.25,6911.7099609375,6915.14990234375,73591000
2026-01-08 19:45:00+00:00,6913.97998046875,6916.72021484375,6911.52001953125,6912.830078125,75322000
2026-01-08 20:00:00+00:00,6918.02001953125,6918.31005859375,6912.81005859375,6913.9599609375,84231000
2026-01-08 20:15:00+00:00,6921.06005859375,6921.83984375,6914.2998046875,6918.14013671875,89380000
2026-01-08 20:30:00+00:00,6919.919921875,6925.85986328125,6918.0498046875,6921.14013671875,129211000
2026-01-08 20:45:00+00:00,6921.10009765625,6924.10009765625,6918.759765625,6919.830078125,321193000
2026-01-09 14:30:00+00:00,6940.759765625,6949.25,6927.830078125,6927.830078125,102001340
2026-01-09 14:45:00+00:00,6941.60986328125,6944.16015625,6931.4599609375,6940.56982421875,136916233
2026-01-09 15:00:00+00:00,6938.72021484375,6945.330078125,6917.64013671875,6941.52001953125,143926739
2026-01-09 15:15:00+00:00,6957.080078125,6959.02978515625,6935.35986328125,6938.72021484375,108827214
2026-01-09 15:30:00+00:00,6942.7099609375,6960.43994140625,6942.7099609375,6957.02978515625,105980895
2026-01-09 15:45:00+00:00,6945.75,6946.66015625,6939.2099609375,6942.56982421875,92642316
2026-01-09 16:00:00+00:00,6960.64013671875,6961.93017578125,6945.56005859375,6945.56005859375,90020186
2026-01-09 16:15:00+00:00,6954.64990234375,6961.10986328125,6954.580078125,6960.6201171875,75165802
2026-01-09 16:30:00+00:00,6957.2099609375,6957.830078125,6951.02001953125,6954.75,73891878
2026-01-09 16:45:00+00:00,6964.27978515625,6965.89013671875,6957.080078125,6957.18994140625,71958000
2026-01-09 17:00:00+00:00,6967.14990234375,6968.419921875,6963.08984375,6964.1201171875,69034000
2026-01-09 17:15:00+00:00,6968.009765625,6969.52001953125,6963.4599609375,6967.10986328125,64836000
2026-01-09 17:30:00+00:00,6966.580078125,6970.41015625,6966.0400390625,6968.06005859375,70872000
2026-01-09 17:45:00+00:00,6965.89013671875,6969.47998046875,6965.7099609375,6966.47998046875,64501000
2026-01-09 18:00:00+00:00,6962.89013671875,6965.9599609375,6960.77978515625,6965.85986328125,63198000
2026-01-09 18:15:00+00:00,6964.43017578125,6964.5498046875,6959.68017578125,6962.85009765625,59953000
2026-01-09 18:30:00+00:00,6971.169921875,6974.4599609375,6964.31982421875,6964.47998046875,65051000
2026-01-09 18:45:00+00:00,6971.4599609375,6972.35009765625,6970.2001953125,6971.10986328125,63581000
2026-01-09 19:00:00+00:00,6971.72021484375,6973.330078125,6969.56982421875,6971.27001953125,68556000
2026-01-09 19:15:00+00:00,6974.10009765625,6974.52978515625,6971.68994140625,6971.68994140625,65412000
2026-01-09 19:30:00+00:00,6973.72998046875,6974.990234375,6973.02001953125,6974.06982421875,64281000
2026-01-09 19:45:00+00:00,6974.31982421875,6977.60009765625,6973.27978515625,6973.77001953125,69602000
2026-01-09 20:00:00+00:00,6973.9599609375,6977.18017578125,6973.52001953125,6974.31005859375,75673000
2026-01-09 20:15:00+00:00,6975.740234375,6978.35986328125,6973.47998046875,6973.97998046875,87885000
2026-01-09 20:30:00+00:00,6973.7099609375,6976.91015625,6972.1298828125,6975.68017578125,115202000
2026-01-09 20:45:00+00:00,6965.990234375,6974.52978515625,6965.60009765625,6973.68017578125,316909000
